ID,RANK,TITULO,TITULO COMPLETO,ANO DE LANÇAMENTO,DIRETOR,ELENCO,NOTA DO PUBLICO,NUMERO DE VOTOS,MEDIA DE VOTOS
111161,1,The Shawshank Redemption,The Shawshank Redemption (1994),1994,Frank Darabont ," Tim Robbins, Morgan Freeman",9.2,2307154,1.7237905062048506
68646,2,The Godfather,The Godfather (1972),1972,Francis Ford Coppola ," Marlon Brando, Al Pacino",9.1,1592287,1.189677504732412
71562,3,The Godfather: Part II,The Godfather: Part II (1974),1974,Francis Ford Coppola ," Al Pacino, Robert De Niro",9.0,1112398,0.8311283562004371
468569,4,The Dark Knight,The Dark Knight (2008),2008,Christopher Nolan ," Christian Bale, Heath Ledger",9.0,2270227,1.696200491831026
50083,5,12 Angry Men,12 Angry Men (1957),1957,Sidney Lumet ," Henry Fonda, Lee J. Cobb",8.9,678219,0.5067314419963936
108052,6,Schindler's List,Schindler's List (1993),1993,Steven Spielberg ," Liam Neeson, Ralph Fiennes",8.9,1196884,0.8942520855688378
167260,7,The Lord of the Rings: The Return of the King,The Lord of the Rings: The Return of the King (2003),2003,Peter Jackson ," Elijah Wood, Viggo Mortensen",8.9,1620525,1.2107755312682271
110912,8,Pulp Fiction,Pulp Fiction (1994),1994,Quentin Tarantino ," John Travolta, Uma Thurman",8.8,1800619,1.3453327942096938
60196,9,"The Good, the Bad and the Ugly","The Good, the Bad and the Ugly (1966)",1966,Sergio Leone ," Clint Eastwood, Eli Wallach",8.8,679731,0.5078611330553268
120737,10,The Lord of the Rings: The Fellowship of the Ring,The Lord of the Rings: The Fellowship of the Ring (2001),2001,Peter Jackson ," Elijah Wood, Ian McKellen",8.8,1636400,1.2226365402368535
137523,11,Fight Club,Fight Club (1999),1999,David Fincher ," Brad Pitt, Edward Norton",8.8,1828093,1.3658599980146726
109830,12,Forrest Gump,Forrest Gump (1994),1994,Robert Zemeckis ," Tom Hanks, Robin Wright",8.8,1778150,1.3285450770118314
1375666,13,Inception,Inception (2010),2010,Christopher Nolan ," Leonardo DiCaprio, Joseph Gordon-Levitt",8.7,2032277,1.518416108581601
167261,14,The Lord of the Rings: The Two Towers,The Lord of the Rings: The Two Towers (2002),2002,Peter Jackson ," Elijah Wood, Ian McKellen",8.7,1464851,1.0944636755087356
80684,15,Star Wars: Episode V - The Empire Strikes Back,Star Wars: Episode V - The Empire Strikes Back (1980),1980,Irvin Kershner ," Mark Hamill, Harrison Ford",8.7,1143401,0.8542922529597645
133093,16,The Matrix,The Matrix (1999),1999,Lana Wachowski ," Keanu Reeves, Laurence Fishburne",8.6,1651139,1.2336487866109374
99685,17,Goodfellas,Goodfellas (1990),1990,Martin Scorsese ," Robert De Niro, Ray Liotta",8.6,1004305,0.7503666527392894
73486,18,One Flew Over the Cuckoo's Nest,One Flew Over the Cuckoo's Nest (1975),1975,Milos Forman ," Jack Nicholson, Louise Fletcher",8.6,905721,0.6767096002565773
47478,19,Seven Samurai,Seven Samurai (1954),1954,Akira Kurosawa ," Toshirô Mifune, Takashi Shimura",8.6,311712,0.2328956741813188
114369,20,Se7en,Se7en (1995),1995,David Fincher ," Morgan Freeman, Brad Pitt",8.6,1421314,1.0619349985029352
118799,21,Life Is Beautiful,Life Is Beautiful (1997),1997,Roberto Benigni ," Roberto Benigni, Nicoletta Braschi",8.6,613693,0.4585208300461839
317248,22,City of God,City of God (2002),2002,Fernando Meirelles ," Alexandre Rodrigues, Leandro Firmino",8.6,691875,0.5169345247350116
102926,23,The Silence of the Lambs,The Silence of the Lambs (1991),1991,Jonathan Demme ," Jodie Foster, Anthony Hopkins",8.6,1251270,0.9348865947825518
38650,24,It's a Wonderful Life,It's a Wonderful Life (1946),1946,Frank Capra ," James Stewart, Donna Reed",8.6,392306,0.29311149508320644
76759,25,Star Wars: Episode IV - A New Hope,Star Wars: Episode IV - A New Hope (1977),1977,George Lucas ," Mark Hamill, Harrison Ford",8.6,1215195,0.9079331523546341
120815,26,Saving Private Ryan,Saving Private Ryan (1998),1998,Steven Spielberg ," Tom Hanks, Matt Damon",8.5,1217946,0.9099885624757484
245429,27,Spirited Away,Spirited Away (2001),2001,Hayao Miyazaki ," Daveigh Chase, Suzanne Pleshette",8.5,637732,0.4764815730129119
120689,28,The Green Mile,The Green Mile (1999),1999,Frank Darabont ," Tom Hanks, Michael Clarke Duncan",8.5,1128104,0.8428630967901218
816692,29,Interstellar,Interstellar (2014),2014,Christopher Nolan ," Matthew McConaughey, Anne Hathaway",8.5,1477912,1.1042222038954588
6751668,30,Parasite,Parasite (2019),2019,Bong Joon Ho ," Kang-ho Song, Sun-kyun Lee",8.5,507789,0.3793946383099069
110413,31,Léon: The Professional,Léon: The Professional (1994),1994,Luc Besson ," Jean Reno, Gary Oldman",8.5,1020016,0.7621051290798303
114814,32,The Usual Suspects,The Usual Suspects (1995),1995,Bryan Singer ," Kevin Spacey, Gabriel Byrne",8.5,979014,0.7314704777581538
56058,33,Harakiri,Harakiri (1962),1962,Masaki Kobayashi ," Tatsuya Nakadai, Akira Ishihama",8.5,39632,0.029611055587061216
110357,34,The Lion King,The Lion King (1994),1994,Roger Allers ," Matthew Broderick, Jeremy Irons",8.5,928093,0.6934248438878282
88763,35,Back to the Future,Back to the Future (1985),1985,Robert Zemeckis ," Michael J. Fox, Christopher Lloyd",8.5,1041337,0.7780351178810953
253474,36,The Pianist,The Pianist (2002),2002,Roman Polanski ," Adrien Brody, Thomas Kretschmann",8.5,717546,0.536114616781223
103064,37,Terminator 2: Judgment Day,Terminator 2: Judgment Day (1991),1991,James Cameron ," Arnold Schwarzenegger, Linda Hamilton",8.5,984338,0.7354483052698997
120586,38,American History X,American History X (1998),1998,Tony Kaye ," Edward Norton, Edward Furlong",8.5,1023468,0.7646842914709924
27977,39,Modern Times,Modern Times (1936),1936,Charles Chaplin ," Charles Chaplin, Paulette Goddard",8.5,214328,0.1601352019041092
54215,40,Psycho,Psycho (1960),1960,Alfred Hitchcock ," Anthony Perkins, Janet Leigh",8.5,595946,0.44526115595697374
172495,41,Gladiator,Gladiator (2000),2000,Ridley Scott ," Russell Crowe, Joaquin Phoenix",8.5,1322529,0.9881277688358016
21749,42,City Lights,City Lights (1931),1931,Charles Chaplin ," Charles Chaplin, Virginia Cherrill",8.5,165172,0.12340828808604348
407887,43,The Departed,The Departed (2006),2006,Martin Scorsese ," Leonardo DiCaprio, Matt Damon",8.5,1172628,0.876129211014948
1675434,44,The Intouchables,The Intouchables (2011),2011,Olivier Nakache ," François Cluzet, Omar Sy",8.5,746115,0.5574599500237228
2582802,45,Whiplash,Whiplash (2014),2014,Damien Chazelle ," Miles Teller, J.K. Simmons",8.5,702144,0.5246070098435989
482571,46,The Prestige,The Prestige (2006),2006,Christopher Nolan ," Christian Bale, Hugh Jackman",8.5,1170622,0.8746304277714164
95327,47,Grave of the Fireflies,Grave of the Fireflies (1988),1988,Isao Takahata ," Tsutomu Tatsumi, Ayano Shiraishi",8.5,230105,0.1719229901559528
8503618,48,Hamilton,Hamilton (2020),2020,Thomas Kail ," Lin-Manuel Miranda, Phillipa Soo",8.5,46684,0.03487995859473067
64116,49,Once Upon a Time in the West,Once Upon a Time in the West (1968),1968,Sergio Leone ," Henry Fonda, Charles Bronson",8.4,298966,0.22337249809854018
34583,50,Casablanca,Casablanca (1942),1942,Michael Curtiz ," Humphrey Bogart, Ingrid Bergman",8.4,515430,0.38510361276844374
95765,51,Cinema Paradiso,Cinema Paradiso (1988),1988,Giuseppe Tornatore ," Philippe Noiret, Enzo Cannavale",8.4,226543,0.16926164124595303
47396,52,Rear Window,Rear Window (1954),1954,Alfred Hitchcock ," James Stewart, Grace Kelly",8.4,437935,0.32720321024726623
78748,53,Alien,Alien (1979),1979,Ridley Scott ," Sigourney Weaver, Tom Skerritt",8.4,778004,0.5812858218347794
78788,54,Apocalypse Now,Apocalypse Now (1979),1979,Francis Ford Coppola ," Martin Sheen, Marlon Brando",8.4,598310,0.4470274189618136
209144,55,Memento,Memento (2000),2000,Christopher Nolan ," Guy Pearce, Carrie-Anne Moss",8.4,1111319,0.830322181165656
32553,56,The Great Dictator,The Great Dictator (1940),1940,Charles Chaplin ," Charles Chaplin, Paulette Goddard",8.4,200162,0.1495510725781527
82971,57,Raiders of the Lost Ark,Raiders of the Lost Ark (1981),1981,Steven Spielberg ," Harrison Ford, Karen Allen",8.4,873833,0.652884475595692
1853728,58,Django Unchained,Django Unchained (2012),2012,Quentin Tarantino ," Jamie Foxx, Christoph Waltz",8.4,1335272,0.9976487034680663
405094,59,The Lives of Others,The Lives of Others (2006),2006,Florian Henckel von Donnersmarck ," Ulrich Mühe, Martina Gedeck",8.4,353819,0.26435592644222883
7286456,60,Joker,Joker (2019),2019,Todd Phillips ," Joaquin Phoenix, Robert De Niro",8.4,895882,0.6693583897216284
50825,61,Paths of Glory,Paths of Glory (1957),1957,Stanley Kubrick ," Kirk Douglas, Ralph Meeker",8.4,175373,0.13102996698298566
910970,62,WALL·E,WALL·E (2008),2008,Andrew Stanton ," Ben Burtt, Elissa Knight",8.4,985369,0.7362186170964606
81505,63,The Shining,The Shining (1980),1980,Stanley Kubrick ," Jack Nicholson, Shelley Duvall",8.4,884536,0.6608812238786027
4154756,64,Avengers: Infinity War,Avengers: Infinity War (2018),2018,Anthony Russo ," Robert Downey Jr., Chris Hemsworth",8.4,812872,0.6073374540059958
43014,65,Sunset Blvd.,Sunset Blvd. (1950),1950,Billy Wilder ," William Holden, Gloria Swanson",8.4,198760,0.14850356803805734
51201,66,Witness for the Prosecution,Witness for the Prosecution (1957),1957,Billy Wilder ," Tyrone Power, Marlene Dietrich",8.4,106791,0.0797889139381776
4633694,67,Spider-Man: Into the Spider-Verse,Spider-Man: Into the Spider-Verse (2018),2018,Bob Persichetti ," Shameik Moore, Jake Johnson",8.4,352779,0.2635788902641267
364569,68,Oldboy,Oldboy (2003),2003,Chan-wook Park ," Min-sik Choi, Ji-Tae Yoo",8.4,507339,0.37905842073284346
119698,69,Princess Mononoke,Princess Mononoke (1997),1997,Hayao Miyazaki ," Yôji Matsuda, Yuriko Ishida",8.4,336582,0.25147729894035725
57012,70,Dr. Strangelove or: How I Learned to Stop Worrying and Love the Bomb,Dr. Strangelove or: How I Learned to Stop Worrying and Love the Bomb (1964),1964,Stanley Kubrick ," Peter Sellers, George C. Scott",8.3,445403,0.3327829277261765
1345836,71,The Dark Knight Rises,The Dark Knight Rises (2012),2012,Christopher Nolan ," Christian Bale, Tom Hardy",8.3,1496884,1.1183971369444525
87843,72,Once Upon a Time in America,Once Upon a Time in America (1984),1984,Sergio Leone ," Robert De Niro, James Woods",8.3,306437,0.22895445702796421
90605,73,Aliens,Aliens (1986),1986,James Cameron ," Sigourney Weaver, Michael Biehn",8.3,645824,0.4825275121986835
5311514,74,Your Name.,Your Name. (2016),2016,Makoto Shinkai ," Ryûnosuke Kamiki, Mone Kamishiraishi",8.3,186128,0.13906556707480144
4154796,75,Avengers: Endgame,Avengers: Endgame (2019),2019,Anthony Russo ," Robert Downey Jr., Chris Evans",8.3,780006,0.5827816164776259
2380307,76,Coco,Coco (2017),2017,Lee Unkrich ," Anthony Gonzalez, Gael García Bernal",8.3,364824,0.2725783140768576
169547,77,American Beauty,American Beauty (1999),1999,Sam Mendes ," Kevin Spacey, Annette Bening",8.3,1058233,0.79065896717457
112573,78,Braveheart,Braveheart (1995),1995,Mel Gibson ," Mel Gibson, Sophie Marceau",8.3,949322,0.7092860948733379
82096,79,Das Boot,Das Boot (1981),1981,Wolfgang Petersen ," Jürgen Prochnow, Herbert Grönemeyer",8.3,228991,0.17109066486517802
1187043,80,3 Idiots,3 Idiots (2009),2009,Rajkumar Hirani ," Aamir Khan, Madhavan",8.3,337737,0.25234025738815336
114709,81,Toy Story,Toy Story (1995),1995,John Lasseter ," Tom Hanks, Tim Allen",8.3,874642,0.6534889200842349
57565,82,High and Low,High and Low (1963),1963,Akira Kurosawa ," Toshirô Mifune, Yutaka Sada",8.3,32834,0.024531928722889788
8267604,83,Capernaum,Capernaum (2018),2018,Nadine Labaki ," Zain Al Rafeea, Yordanos Shiferaw",8.3,57912,0.04326896071754868
86879,84,Amadeus,Amadeus (1984),1984,Milos Forman ," F. Murray Abraham, Tom Hulce",8.3,364733,0.2725103234112737
361748,85,Inglourious Basterds,Inglourious Basterds (2009),2009,Quentin Tarantino ," Brad Pitt, Diane Kruger",8.3,1246081,0.9310096325439249
86190,86,Star Wars: Episode VI - Return of the Jedi,Star Wars: Episode VI - Return of the Jedi (1983),1983,Richard Marquand ," Mark Hamill, Harrison Ford",8.3,937182,0.7002156917943381
986264,87,Taare Zameen Par - Ein Stern auf Erden,Taare Zameen Par - Ein Stern auf Erden (2007),2007,Aamir Khan ," Darsheel Safary, Aamir Khan",8.3,165050,0.12331713576515073
119217,88,Good Will Hunting,Good Will Hunting (1997),1997,Gus Van Sant ," Robin Williams, Matt Damon",8.3,848129,0.6336797275938293
105236,89,Reservoir Dogs,Reservoir Dogs (1992),1992,Quentin Tarantino ," Harvey Keitel, Tim Roth",8.3,906522,0.6773080675437503
62622,90,2001: A Space Odyssey,2001: A Space Odyssey (1968),1968,Stanley Kubrick ," Keir Dullea, Gary Lockwood",8.3,594978,0.4445379145912018
180093,91,Requiem for a Dream,Requiem for a Dream (2000),2000,Darren Aronofsky ," Ellen Burstyn, Jared Leto",8.3,756818,0.5654566983066335
52357,92,Vertigo,Vertigo (1958),1958,Alfred Hitchcock ," James Stewart, Kim Novak",8.3,358807,0.26808271149643403
22100,93,M,M (1931),1931,Fritz Lang ," Peter Lorre, Ellen Widmann",8.3,141387,0.1056373212628135
338013,94,Eternal Sunshine of the Spotless Mind,Eternal Sunshine of the Spotless Mind (2004),2004,Michel Gondry ," Jim Carrey, Kate Winslet",8.3,900088,0.6725009033419146
2106476,95,The Hunt,The Hunt (2012),2012,Thomas Vinterberg ," Mads Mikkelsen, Thomas Bo Larsen",8.3,274414,0.20502846709395983
5074352,96,Dangal,Dangal (2016),2016,Nitesh Tiwari ," Aamir Khan, Sakshi Tanwar",8.3,151756,0.11338452138852598
33467,97,Citizen Kane,Citizen Kane (1941),1941,Orson Welles ," Orson Welles, Joseph Cotten",8.3,394097,0.2944496410399189
8579674,98,1917,1917 (2019),2019,Sam Mendes ," Dean-Charles Chapman, George MacKay",8.2,390042,0.2914199470954918
93058,99,Full Metal Jacket,Full Metal Jacket (1987),1987,Stanley Kubrick ," Matthew Modine, R. Lee Ermey",8.2,666176,0.49773351248400516
40522,100,Bicycle Thieves,Bicycle Thieves (1948),1948,Vittorio De Sica ," Lamberto Maggiorani, Enzo Staiola",8.2,143883,0.10750220809025862
12349,101,The Kid,The Kid (1921),1921,Charles Chaplin ," Charles Chaplin, Edna Purviance",8.2,111170,0.08306068453809032
45152,102,Singin' in the Rain,Singin' in the Rain (1952),1952,Stanley Donen ," Gene Kelly, Donald O'Connor",8.2,215741,0.16119092509608837
66921,103,A Clockwork Orange,A Clockwork Orange (1971),1971,Stanley Kubrick ," Malcolm McDowell, Patrick Magee",8.2,748459,0.5592112700251376
53125,104,North by Northwest,North by Northwest (1959),1959,Alfred Hitchcock ," Cary Grant, Eva Marie Saint",8.2,295360,0.22067827458100525
208092,105,Snatch,Snatch (2000),2000,Guy Ritchie ," Jason Statham, Brad Pitt",8.2,773225,0.5777151911663658
86250,106,Scarface,Scarface (1983),1983,Brian De Palma ," Al Pacino, Michelle Pfeiffer",8.2,730102,0.5454958343314638
75314,107,Taxi Driver,Taxi Driver (1976),1976,Martin Scorsese ," Robert De Niro, Jodie Foster",8.2,712967,0.5326934161470598
44741,108,Ikiru,Ikiru (1952),1952,Akira Kurosawa ," Takashi Shimura, Nobuo Kaneko",8.2,66950,0.0500217039653247
211915,109,Amélie,Amélie (2001),2001,Jean-Pierre Jeunet ," Audrey Tautou, Mathieu Kassovitz",8.2,696248,0.5202018124338968
56172,110,Lawrence of Arabia,Lawrence of Arabia (1962),1962,David Lean ," Peter O'Toole, Alec Guinness",8.2,264519,0.19763541614942082
435761,111,Toy Story 3,Toy Story 3 (2010),2010,Lee Unkrich ," Tom Hanks, Tim Allen",8.2,747473,0.558474579956283
70735,112,The Sting,The Sting (1973),1973,George Roy Hill ," Paul Newman, Robert Redford",8.2,238699,0.1783439987276929
17136,113,Metropolis,Metropolis (1927),1927,Fritz Lang ," Brigitte Helm, Alfred Abel",8.2,158068,0.11810053326946893
1832382,114,A Separation,A Separation (2011),2011,Asghar Farhadi ," Payman Maadi, Leila Hatami",8.2,216673,0.16188726905569528
1255953,115,Incendies,Incendies (2010),2010,Denis Villeneuve ," Lubna Azabal, Mélissa Désormeaux-Poulin",8.2,145986,0.10907346490040166
91251,116,Come and See,Come and See (1985),1985,Elem Klimov ," Aleksey Kravchenko, Olga Mironova",8.2,56615,0.04229990694543477
59578,117,For a Few Dollars More,For a Few Dollars More (1965),1965,Sergio Leone ," Clint Eastwood, Lee Van Cleef",8.2,229407,0.1714014793364189
53604,118,The Apartment,The Apartment (1960),1960,Billy Wilder ," Jack Lemmon, Shirley MacLaine",8.2,161481,0.12065055680395217
36775,119,Double Indemnity,Double Indemnity (1944),1944,Billy Wilder ," Fred MacMurray, Barbara Stanwyck",8.2,141551,0.10575985389089883
56592,120,To Kill a Mockingbird,To Kill a Mockingbird (1962),1962,Robert Mulligan ," Gregory Peck, John Megna",8.2,291194,0.21756564696756928
1049413,121,Up,Up (2009),2009,Pete Docter ," Edward Asner, Jordan Nagai",8.2,921871,0.6887760755222979
97576,122,Indiana Jones and the Last Crusade,Indiana Jones and the Last Crusade (1989),1989,Steven Spielberg ," Harrison Ford, Sean Connery",8.2,684014,0.5110611772387992
113277,123,Heat,Heat (1995),1995,Michael Mann ," Al Pacino, Robert De Niro",8.2,568736,0.4249311997972055
119488,124,L.A. Confidential,L.A. Confidential (1997),1997,Curtis Hanson ," Kevin Spacey, Russell Crowe",8.2,526194,0.3931459372118008
95016,125,Die Hard,Die Hard (1988),1988,John McTiernan ," Bruce Willis, Alan Rickman",8.2,774722,0.5788336749727302
71853,126,Monty Python and the Holy Grail,Monty Python and the Holy Grail (1975),1975,Terry Gilliam ," Graham Chapman, John Cleese",8.2,496002,0.37058797924135894
42876,127,Rashomon,Rashomon (1950),1950,Akira Kurosawa ," Toshirô Mifune, Machiko Kyô",8.2,150327,0.11231684379380681
55630,128,Yojimbo,Yojimbo (1961),1961,Akira Kurosawa ," Toshirô Mifune, Eijirô Tôno",8.2,109379,0.0817225385813779
372784,129,Batman Begins,Batman Begins (2005),2005,Christopher Nolan ," Christian Bale, Michael Caine",8.2,1291957,0.9652858938002838
6966692,130,Green Book,Green Book (2018),2018,Peter Farrelly ," Viggo Mortensen, Mahershala Ali",8.2,354959,0.2652076776374562
363163,131,Downfall,Downfall (2004),2004,Oliver Hirschbiegel ," Bruno Ganz, Alexandra Maria Lara",8.2,327766,0.24489042303059919
118849,132,Children of Heaven,Children of Heaven (1997),1997,Majid Majidi ," Mohammad Amir Naji, Amir Farrokh Hashemian",8.2,63785,0.04765697367331197
105695,133,Unforgiven,Unforgiven (1992),1992,Clint Eastwood ," Clint Eastwood, Gene Hackman",8.2,371288,0.2774078927838309
89881,134,Ran,Ran (1985),1985,Akira Kurosawa ," Tatsuya Nakadai, Akira Terao",8.2,110683,0.08269682240469056
53291,135,Some Like It Hot,Some Like It Hot (1959),1959,Billy Wilder ," Marilyn Monroe, Tony Curtis",8.2,240719,0.17985324207362208
347149,136,Howl's Moving Castle,Howl's Moving Castle (2004),2004,Hayao Miyazaki ," Chieko Baishô, Takuya Kimura",8.2,325974,0.2435515299237155
268978,137,A Beautiful Mind,A Beautiful Mind (2001),2001,Ron Howard ," Russell Crowe, Ed Harris",8.2,836947,0.625325094378889
42192,138,All About Eve,All About Eve (1950),1950,Joseph L. Mankiewicz ," Bette Davis, Anne Baxter",8.2,119137,0.0890132299524554
112641,139,Casino,Casino (1995),1995,Martin Scorsese ," Robert De Niro, Sharon Stone",8.2,459182,0.34307790993585846
57115,140,The Great Escape,The Great Escape (1963),1963,John Sturges ," Steve McQueen, James Garner",8.2,221949,0.1658292333592211
993846,141,The Wolf of Wall Street,The Wolf of Wall Street (2013),2013,Martin Scorsese ," Leonardo DiCaprio, Jonah Hill",8.2,1159546,0.8663549924746288
457430,142,Pan's Labyrinth,Pan's Labyrinth (2006),2006,Guillermo del Toro ," Ivana Baquero, Ariadna Gil",8.2,612368,0.4575308560692749
1305806,143,The Secret in Their Eyes,The Secret in Their Eyes (2009),2009,Juan José Campanella ," Ricardo Darín, Soledad Villamil",8.1,190285,0.1421714703366962
120735,144,"Lock, Stock and Two Smoking Barrels","Lock, Stock and Two Smoking Barrels (1998)",1998,Guy Ritchie ," Jason Flemyng, Dexter Fletcher",8.1,529358,0.3955099203536423
469494,145,There Will Be Blood,There Will Be Blood (2007),2007,Paul Thomas Anderson ," Daniel Day-Lewis, Paul Dano",8.1,509396,0.3805953086351089
81398,146,Raging Bull,Raging Bull (1980),1980,Martin Scorsese ," Robert De Niro, Cathy Moriarty",8.1,317621,0.23731058454324713
96283,147,My Neighbor Totoro,My Neighbor Totoro (1988),1988,Hayao Miyazaki ," Hitoshi Takagi, Noriko Hidaka",8.1,284338,0.2124431853934652
55031,148,Judgment at Nuremberg,Judgment at Nuremberg (1961),1961,Stanley Kramer ," Spencer Tracy, Burt Lancaster",8.1,68418,0.05111852041672271
66763,149,Anand,Anand (1971),1971,Hrishikesh Mukherjee ," Rajesh Khanna, Amitabh Bachchan",8.1,29249,0.02185339535895119
40897,150,The Treasure of the Sierra Madre,The Treasure of the Sierra Madre (1948),1948,John Huston ," Humphrey Bogart, Walter Huston",8.1,112839,0.08430767817391
46912,151,Dial M for Murder,Dial M for Murder (1954),1954,Alfred Hitchcock ," Ray Milland, Grace Kelly",8.1,155815,0.11641720393363807
5027774,152,"Three Billboards Outside Ebbing, Missouri","Three Billboards Outside Ebbing, Missouri (2017)",2017,Martin McDonagh ," Frances McDormand, Woody Harrelson",8.1,420149,0.31391439730137727
71315,153,Chinatown,Chinatown (1974),1974,Roman Polanski ," Jack Nicholson, Faye Dunaway",8.1,290305,0.21690143046532617
15864,154,The Gold Rush,The Gold Rush (1925),1925,Charles Chaplin ," Charles Chaplin, Mack Swain",8.1,99224,0.07413522859231333
1130884,155,Shutter Island,Shutter Island (2010),2010,Martin Scorsese ," Leonardo DiCaprio, Emily Mortimer",8.1,1110922,0.8300255625476691
476735,156,My Father and My Son,My Father and My Son (2005),2005,Çagan Irmak ," Çetin Tekindor, Fikret Kuskan",8.1,77351,0.05779281289651726
477348,157,No Country for Old Men,No Country for Old Men (2007),2007,Ethan Coen ," Tommy Lee Jones, Javier Bardem",8.1,842655,0.6295898275563956
434409,158,V for Vendetta,V for Vendetta (2005),2005,James McTeigue ," Hugo Weaving, Natalie Portman",8.1,1020705,0.7626199155478229
50976,159,The Seventh Seal,The Seventh Seal (1957),1957,Ingmar Bergman ," Max von Sydow, Gunnar Björnstrand",8.1,161905,0.12096734847656306
2096673,160,Inside Out,Inside Out (2015),2015,Pete Docter ," Amy Poehler, Bill Hader",8.1,601567,0.44946088706958154
1291584,161,Warrior,Warrior (2011),2011,Gavin O'Connor ," Tom Hardy, Nick Nolte",8.1,431374,0.3223011579736815
80678,162,The Elephant Man,The Elephant Man (1980),1980,David Lynch ," Anthony Hopkins, John Hurt",8.1,217113,0.1622160151310462
84787,163,The Thing,The Thing (1982),1982,John Carpenter ," Kurt Russell, Wilford Brimley",8.1,366232,0.2736303015179805
167404,164,The Sixth Sense,The Sixth Sense (1999),1999,M. Night Shyamalan ," Bruce Willis, Haley Joel Osment",8.1,902248,0.674114747711819
117951,165,Trainspotting,Trainspotting (1996),1996,Danny Boyle ," Ewan McGregor, Ewen Bremner",8.1,628337,0.4694620971539989
107290,166,Jurassic Park,Jurassic Park (1993),1993,Steven Spielberg ," Sam Neill, Laura Dern",8.1,855867,0.6394611756189778
31381,167,Gone with the Wind,Gone with the Wind (1939),1939,Victor Fleming ," Clark Gable, Vivien Leigh",8.1,286602,0.21413473338117986
120382,168,The Truman Show,The Truman Show (1998),1998,Peter Weir ," Jim Carrey, Ed Harris",8.1,923503,0.6899954246017813
266543,169,Finding Nemo,Finding Nemo (2003),2003,Andrew Stanton ," Albert Brooks, Ellen DeGeneres",8.1,937467,0.7004286295931449
50986,170,Wild Strawberries,Wild Strawberries (1957),1957,Ingmar Bergman ," Victor Sjöström, Bibi Andersson",8.1,94470,0.0705832766781811
83658,171,Blade Runner,Blade Runner (1982),1982,Ridley Scott ," Harrison Ford, Rutger Hauer",8.1,685226,0.5119667232463567
79944,172,Stalker,Stalker (1979),1979,Andrei Tarkovsky ," Alisa Freyndlikh, Aleksandr Kaydanovskiy",8.1,114354,0.08543961068335684
266697,173,Kill Bill: Vol. 1,Kill Bill: Vol. 1 (2003),2003,Quentin Tarantino ," Uma Thurman, David Carradine",8.1,987688,0.7379512583435941
50212,174,The Bridge on the River Kwai,The Bridge on the River Kwai (1957),1957,David Lean ," William Holden, Alec Guinness",8.1,201034,0.15020258752748447
3170832,175,Room,Room (2015),2015,Lenny Abrahamson ," Brie Larson, Jacob Tremblay",8.1,363792,0.27180725510012554
353969,176,Memories of Murder,Memories of Murder (2003),2003,Bong Joon Ho ," Kang-ho Song, Sang-kyung Kim",8.1,133349,0.09963172818628953
116282,177,Fargo,Fargo (1996),1996,Joel Coen ," William H. Macy, Frances McDormand",8.1,608431,0.45458932584505557
46438,178,Tokyo Story,Tokyo Story (1953),1953,Yasujirô Ozu ," Chishû Ryû, Chieko Higashiyama",8.1,51808,0.03870835607222617
1205489,179,Gran Torino,Gran Torino (2008),2008,Clint Eastwood ," Clint Eastwood, Bee Vang",8.1,713370,0.5329945176660744
41959,180,The Third Man,The Third Man (1949),1949,Carol Reed ," Orson Welles, Joseph Cotten",8.1,156949,0.11726447222783788
47296,181,On the Waterfront,On the Waterfront (1954),1954,Elia Kazan ," Marlon Brando, Karl Malden",8.1,140250,0.10478781151809992
3011894,182,Wild Tales,Wild Tales (2014),2014,Damián Szifron ," Darío Grandinetti, María Marull",8.1,173556,0.12967239512182066
77416,183,The Deer Hunter,The Deer Hunter (1978),1978,Michael Cimino ," Robert De Niro, Christopher Walken",8.1,307577,0.2298062082231916
4729430,184,Klaus,Klaus (2019),2019,Sergio Pablos ," Jason Schwartzman, J.K. Simmons",8.1,79045,0.059058485286618244
107207,185,In the Name of the Father,In the Name of the Father (1993),1993,Jim Sheridan ," Daniel Day-Lewis, Pete Postlethwaite",8.1,154746,0.11561850040056963
978762,186,Mary and Max,Mary and Max (2009),2009,Adam Elliot ," Toni Collette, Philip Seymour Hoffman",8.1,162638,0.1215150095520908
2267998,187,Gone Girl,Gone Girl (2014),2014,David Fincher ," Ben Affleck, Rosamund Pike",8.1,844670,0.6310953351514684
6148156,188,Vikram Vedha,Vikram Vedha (2017),2017,Gayatri ," Madhavan, Vijay Sethupathi",8.1,26056,0.019467744862143397
2278388,189,The Grand Budapest Hotel,The Grand Budapest Hotel (2014),2014,Wes Anderson ," Ralph Fiennes, F. Murray Abraham",8.1,695893,0.5199365741231023
2119532,190,Hacksaw Ridge,Hacksaw Ridge (2016),2016,Mel Gibson ," Andrew Garfield, Sam Worthington",8.1,426086,0.31835022786810063
112471,191,Before Sunrise,Before Sunrise (1995),1995,Richard Linklater ," Ethan Hawke, Julie Delpy",8.1,267027,0.19950926877892097
8108198,192,Andhadhun,Andhadhun (2018),2018,Sriram Raghavan ," Ayushmann Khurrana, Tabu",8.1,68571,0.051232834392924274
264464,193,Catch Me If You Can,Catch Me If You Can (2002),2002,Steven Spielberg ," Leonardo DiCaprio, Tom Hanks",8.1,813484,0.6077947099108021
60827,194,Persona,Persona (1966),1966,Ingmar Bergman ," Bibi Andersson, Liv Ullmann",8.1,100848,0.07534860047042666
118715,195,The Big Lebowski,The Big Lebowski (1998),1998,Joel Coen ," Jeff Bridges, John Goodman",8.1,722745,0.5399990505215624
1392214,196,Prisoners,Prisoners (2013),2013,Denis Villeneuve ," Hugh Jackman, Jake Gyllenhaal",8.1,589950,0.44078124353014647
35446,197,To Be or Not to Be,To Be or Not to Be (1942),1942,Ernst Lubitsch ," Carole Lombard, Jack Benny",8.1,28765,0.0214917746760652
15324,198,Sherlock Jr.,Sherlock Jr. (1924),1924,Buster Keaton ," Buster Keaton, Kathryn McGuire",8.1,40797,0.030481485536569857
116231,199,The Bandit,The Bandit (1996),1996,Yavuz Turgul ," Sener Sen, Ugur Yücel",8.1,62920,0.047010688775178944
17925,200,The General,The General (1926),1926,Clyde Bruckman ," Buster Keaton, Marion Mack",8.1,79862,0.05966890697653117
892769,201,How to Train Your Dragon,How to Train Your Dragon (2010),2010,Dean DeBlois ," Jay Baruchel, Gerard Butler",8.1,658170,0.4917518282129613
1950186,202,Ford v Ferrari,Ford v Ferrari (2019),2019,James Mangold ," Matt Damon, Christian Bale",8.1,272714,0.20375831180283135
31679,203,Mr. Smith Goes to Washington,Mr. Smith Goes to Washington (1939),1939,Frank Capra ," James Stewart, Jean Arthur",8.1,105651,0.07893716274295026
2024544,204,12 Years a Slave,12 Years a Slave (2013),2013,Steve McQueen ," Chiwetel Ejiofor, Michael Kenneth Williams",8.1,631490,0.4718178616439566
72684,205,Barry Lyndon,Barry Lyndon (1975),1975,Stanley Kubrick ," Ryan O'Neal, Marisa Berenson",8.1,147313,0.11006493317765313
1392190,206,Mad Max: Fury Road,Mad Max: Fury Road (2015),2015,George Miller ," Tom Hardy, Charlize Theron",8.1,867471,0.6481311062061864
405159,207,Million Dollar Baby,Million Dollar Baby (2004),2004,Clint Eastwood ," Hilary Swank, Clint Eastwood",8.1,628939,0.4699118815570926
74958,208,Network,Network (1976),1976,Sidney Lumet ," Faye Dunaway, William Holden",8.1,143344,0.10709949414795376
92005,209,Stand by Me,Stand by Me (1986),1986,Rob Reiner ," Wil Wheaton, River Phoenix",8.1,359243,0.26840846897109993
97165,210,Dead Poets Society,Dead Poets Society (1989),1989,Peter Weir ," Robin Williams, Robert Sean Leonard",8.1,417164,0.3116841540401899
61512,211,Cool Hand Luke,Cool Hand Luke (1967),1967,Stuart Rosenberg ," Paul Newman, George Kennedy",8.1,159817,0.11940729891898876
52618,212,Ben-Hur,Ben-Hur (1959),1959,William Wyler ," Charlton Heston, Jack Hawkins",8.1,216847,0.16201727318549314
1028532,213,Hachi: A Dog's Tale,Hachi: A Dog's Tale (2009),2009,Lasse Hallström ," Richard Gere, Joan Allen",8.1,249075,0.18609642890460418
1201607,214,Harry Potter and the Deathly Hallows: Part 2,Harry Potter and the Deathly Hallows: Part 2 (2011),2011,David Yates ," Daniel Radcliffe, Emma Watson",8.1,752311,0.5620892924848004
91763,215,Platoon,Platoon (1986),1986,Oliver Stone ," Charlie Sheen, Tom Berenger",8.1,376830,0.28154859903290974
758758,216,Into the Wild,Into the Wild (2007),2007,Sean Penn ," Emile Hirsch, Vince Vaughn",8.1,565707,0.4226680819284831
3315342,217,Logan,Logan (2017),2017,James Mangold ," Hugh Jackman, Patrick Stewart",8.0,636599,0.47563505186888333
46268,218,The Wages of Fear,The Wages of Fear (1953),1953,Henri-Georges Clouzot ," Yves Montand, Charles Vanel",8.0,53715,0.04013317144880383
79470,219,Monty Python's Life of Brian,Monty Python's Life of Brian (1979),1979,Terry Jones ," Graham Chapman, John Cleese",8.0,363011,0.2712237308163777
1979320,220,Rush,Rush (2013),2013,Ron Howard ," Daniel Brühl, Chris Hemsworth",8.0,427352,0.31929611998490576
4016934,221,The Handmaiden,The Handmaiden (2016),2016,Chan-wook Park ," Min-hee Kim, Jung-woo Ha",8.0,108597,0.0811382671474588
53198,222,The 400 Blows,The 400 Blows (1959),1959,François Truffaut ," Jean-Pierre Léaud, Albert Rémy",8.0,103421,0.07727101786105818
19254,223,The Passion of Joan of Arc,The Passion of Joan of Arc (1928),1928,Carl Theodor Dreyer ," Maria Falconetti, Eugene Silvain",8.0,46676,0.034873981393360655
60107,224,Andrei Rublev,Andrei Rublev (1966),1966,Andrei Tarkovsky ," Anatoliy Solonitsyn, Ivan Lapikov",8.0,45797,0.0342172363928301
1895587,225,Spotlight,Spotlight (2015),2015,Tom McCarthy ," Mark Ruffalo, Michael Keaton",8.0,412839,0.3084527295495248
395169,226,Hotel Rwanda,Hotel Rwanda (2004),2004,Terry George ," Don Cheadle, Sophie Okonedo",8.0,331518,0.2476937304731369
113247,227,La Haine,La Haine (1995),1995,Mathieu Kassovitz ," Vincent Cassel, Hubert Koundé",8.0,147205,0.10998424095915792
245712,228,Amores Perros,Amores Perros (2000),2000,Alejandro G. Iñárritu ," Emilio Echevarría, Gael García Bernal",8.0,221264,0.16531743549191344
48021,229,Rififi,Rififi (1955),1955,Jules Dassin ," Jean Servais, Carl Möhner",8.0,27638,0.02064973643306414
75148,230,Rocky,Rocky (1976),1976,John G. Avildsen ," Sylvester Stallone, Talia Shire",8.0,511604,0.3822450162132334
87544,231,Nausicaä of the Valley of the Wind,Nausicaä of the Valley of the Wind (1984),1984,Hayao Miyazaki ," Sumi Shimamoto, Mahito Tsujimura",8.0,147800,0.11042879531105289
1954470,232,Gangs of Wasseypur,Gangs of Wasseypur (2012),2012,Anurag Kashyap ," Manoj Bajpayee, Richa Chadha",8.0,80368,0.0600469649631847
198781,233,"Monsters, Inc.","Monsters, Inc. (2001)",2001,Pete Docter ," Billy Crystal, John Goodman",8.0,804129,0.6008051200587392
32976,234,Rebecca,Rebecca (1940),1940,Alfred Hitchcock ," Laurence Olivier, Joan Fontaine",8.0,122049,0.09118893125114137
405508,235,Rang De Basanti - Die Farbe Safran,Rang De Basanti - Die Farbe Safran (2006),2006,Rakeysh Omprakash Mehra ," Aamir Khan, Soha Ali Khan",8.0,110362,0.08245698719971867
381681,236,Before Sunset,Before Sunset (2004),2004,Richard Linklater ," Ethan Hawke, Julie Delpy",8.0,232111,0.17342177339948442
118694,237,In the Mood for Love,In the Mood for Love (2000),2000,Kar-Wai Wong ," Tony Chiu-Wai Leung, Maggie Cheung",8.0,121430,0.09072644529513635
8613070,238,Portrait of a Lady on Fire,Portrait of a Lady on Fire (2019),2019,Céline Sciamma ," Noémie Merlant, Adèle Haenel",8.0,56036,0.041867306996279836
87884,239,"Paris, Texas","Paris, Texas (1984)",1984,Wim Wenders ," Harry Dean Stanton, Nastassja Kinski",8.0,88576,0.06617957356882152
25316,240,It Happened One Night,It Happened One Night (1934),1934,Frank Capra ," Clark Gable, Claudette Colbert",8.0,92551,0.06914949549954841
4430212,241,Drishyam,Drishyam (2015),2015,Nishikant Kamat ," Ajay Devgn, Shriya Saran",8.0,67998,0.05080471734479685
4857264,242,The Invisible Guest,The Invisible Guest (2016),2016,Oriol Paulo ," Mario Casas, Ana Wagener",8.0,133162,0.09949201110426538
1454029,243,The Help,The Help (2011),2011,Tate Taylor ," Emma Stone, Viola Davis",8.0,423307,0.31627389754219126
93779,244,The Princess Bride,The Princess Bride (1987),1987,Rob Reiner ," Cary Elwes, Mandy Patinkin",8.0,389428,0.29096119689034305
18773,245,The Circus,The Circus (1928),1928,Charles Chaplin ," Charles Chaplin, Merna Kennedy",8.0,29115,0.021753277236003416
58946,246,The Battle of Algiers,The Battle of Algiers (1966),1966,Gillo Pontecorvo ," Brahim Hadjadj, Jean Martin",8.0,52069,0.03890336226692295
88247,247,The Terminator,The Terminator (1984),1984,James Cameron ," Arnold Schwarzenegger, Linda Hamilton",8.0,792386,0.5920313355977264
2991224,248,Tangerines,Tangerines (2013),2013,Zaza Urushadze ," Lembit Ulfsak, Elmo Nüganen",8.0,38730,0.028937126132591872
103639,249,Aladdin,Aladdin (1992),1992,Ron Clements ," Scott Weinger, Robin Williams",8.0,369787,0.2762864203767815
2758880,250,Winter Sleep,Winter Sleep (2014),2014,Nuri Bilge Ceylan ," Haluk Bilginer, Melisa Sözen",8.0,44849,0.03350893803048316
